segment,step,before,target,after,error,grounding_requested,grounding_applied,horizontal_flags,grounding_flags,horizontal_side_hit,horizontal_ground_hit,horizontal_ambiguous_hit,grounding_side_hit,grounding_ground_hit,grounding_ambiguous_hit
1,1,"-3.500,6.080,-23.300","-3.438,6.005,-23.044","-3.438,6.005,-23.044",0.0000,0.0750,0.0750,"Above","None","V10_PROXY_Entrance_To_Branch_Entrance_Lintel","","","","",""
1,2,"-3.438,6.005,-23.044","-3.375,5.930,-22.788","-3.375,5.930,-22.788",0.0000,0.0750,0.0750,"None","None","","","","","",""
1,3,"-3.375,5.930,-22.788","-3.313,5.855,-22.531","-3.313,5.855,-22.531",0.0000,0.0750,0.0750,"None","None","","","","","",""
1,4,"-3.313,5.855,-22.531","-3.250,5.780,-22.275","-3.250,5.780,-22.275",0.0000,0.0750,0.0750,"None","None","","","","","",""
1,5,"-3.250,5.780,-22.275","-3.188,5.705,-22.019","-3.188,5.705,-22.019",0.0000,0.0750,0.0750,"None","None","","","","","",""
1,6,"-3.188,5.705,-22.019","-3.125,5.630,-21.763","-3.125,5.630,-21.763",0.0000,0.0750,0.0750,"None","None","","","","","",""
1,7,"-3.125,5.630,-21.763","-3.063,5.555,-21.506","-3.063,5.555,-21.506",0.0000,0.0750,0.0750,"None","None","","","","","",""
1,8,"-3.063,5.555,-21.506","-3.000,5.480,-21.250","-3.000,5.480,-21.250",0.0000,0.0750,0.0750,"None","None","","","","","",""
1,9,"-3.000,5.480,-21.250","-2.938,5.405,-20.994","-2.938,5.405,-20.994",0.0000,0.0750,0.0750,"None","None","","","","","",""
1,10,"-2.938,5.405,-20.994","-2.875,5.330,-20.738","-2.875,5.330,-20.738",0.0000,0.0750,0.0750,"None","None","","","","","",""
1,11,"-2.875,5.330,-20.738","-2.813,5.255,-20.481","-2.813,5.255,-20.481",0.0000,0.0750,0.0750,"None","None","","","","","",""
1,12,"-2.813,5.255,-20.481","-2.750,5.180,-20.225","-2.750,5.180,-20.225",0.0000,0.0750,0.0750,"None","None","","","","","",""
1,13,"-2.750,5.180,-20.225","-2.688,5.105,-19.969","-2.688,5.105,-19.969",0.0000,0.0750,0.0750,"None","None","","","","","",""
1,14,"-2.688,5.105,-19.969","-2.625,5.030,-19.713","-2.625,5.030,-19.713",0.0000,0.0750,0.0750,"None","None","","","","","",""
1,15,"-2.625,5.030,-19.713","-2.563,4.955,-19.456","-2.563,4.955,-19.456",0.0000,0.0750,0.0750,"None","None","","","","","",""
1,16,"-2.563,4.955,-19.456","-2.500,4.880,-19.200","-2.500,4.880,-19.200",0.0000,0.0750,0.0750,"None","None","","","","","",""
2,1,"-2.500,4.880,-19.200","-2.236,4.887,-19.150","-2.236,4.880,-19.150",0.0068,0.0000,0.0000,"None","None","","","","","",""
2,2,"-2.236,4.880,-19.150","-1.973,4.894,-19.100","-1.973,4.880,-19.100",0.0136,0.0000,0.0000,"None","None","","","","","",""
2,3,"-1.973,4.880,-19.100","-1.709,4.900,-19.050","-1.709,4.880,-19.050",0.0205,0.0000,0.0000,"None","None","","","","","",""
2,4,"-1.709,4.880,-19.050","-1.445,4.907,-19.000","-1.445,4.880,-19.000",0.0273,0.0000,0.0000,"None","None","","","","","",""
2,5,"-1.445,4.880,-19.000","-1.182,4.914,-18.950","-1.182,4.884,-18.950",0.0299,0.0000,0.0000,"Below","None","","V10_PROXY_Branch_To_Gallery_Foot_Plug_Bypass_A_Floor","","","",""
2,6,"-1.182,4.884,-18.950","-0.918,4.921,-18.900","-0.918,4.891,-18.900",0.0299,0.0000,0.0000,"Below","None","","V10_PROXY_Branch_To_Gallery_Foot_Plug_Bypass_A_Floor","","","",""
2,7,"-0.918,4.891,-18.900","-0.655,4.928,-18.850","-0.655,4.898,-18.850",0.0299,0.0000,0.0000,"Below","None","","V10_PROXY_Branch_To_Gallery_Foot_Plug_Bypass_A_Floor","","","",""
2,8,"-0.655,4.898,-18.850","-0.391,4.935,-18.800","-0.391,4.905,-18.800",0.0299,0.0000,0.0000,"Below","None","","V10_PROXY_Branch_To_Gallery_Foot_Plug_Bypass_A_Floor","","","",""
2,9,"-0.391,4.905,-18.800","-0.127,4.941,-18.750","-0.127,4.912,-18.750",0.0299,0.0000,0.0000,"Below","None","","V10_PROXY_Branch_To_Gallery_Foot_Plug_Bypass_A_Floor","","","",""
2,10,"-0.127,4.912,-18.750","0.136,4.948,-18.700","0.136,4.918,-18.700",0.0299,0.0000,0.0000,"Below","None","","V10_PROXY_Branch_To_Gallery_Foot_Plug_Bypass_A_Floor","","","",""
2,11,"0.136,4.918,-18.700","0.400,4.955,-18.650","0.400,4.925,-18.650",0.0299,0.0000,0.0000,"Below","None","","V10_PROXY_Branch_To_Gallery_Foot_Plug_Bypass_A_Floor","","","",""
2,12,"0.400,4.925,-18.650","0.664,4.962,-18.600","0.664,4.932,-18.600",0.0299,0.0000,0.0000,"Below","None","","V10_PROXY_Branch_To_Gallery_Foot_Plug_Bypass_A_Floor","","","",""
2,13,"0.664,4.932,-18.600","0.927,4.969,-18.550","0.927,4.939,-18.550",0.0299,0.0000,0.0000,"Below","None","","V10_PROXY_Branch_To_Gallery_Foot_Plug_Bypass_A_Floor","","","",""
2,14,"0.927,4.939,-18.550","1.191,4.975,-18.500","1.191,4.946,-18.500",0.0299,0.0000,0.0000,"Below","None","","V10_PROXY_Branch_To_Gallery_Foot_Plug_Bypass_A_Floor","","","",""
2,15,"1.191,4.946,-18.500","1.455,4.982,-18.450","1.455,4.952,-18.450",0.0299,0.0000,0.0000,"Below","None","","V10_PROXY_Branch_To_Gallery_Foot_Plug_Bypass_A_Floor","","","",""
2,16,"1.455,4.952,-18.450","1.718,4.989,-18.400","1.718,4.959,-18.400",0.0299,0.0000,0.0000,"Below","None","","V10_PROXY_Branch_To_Gallery_Foot_Plug_Bypass_A_Floor","","","",""
2,17,"1.718,4.959,-18.400","1.982,4.996,-18.350","1.982,4.966,-18.350",0.0299,0.0000,0.0000,"Below","None","","V10_PROXY_Branch_To_Gallery_Foot_Plug_Bypass_A_Floor","","","",""
2,18,"1.982,4.966,-18.350","2.245,5.003,-18.300","2.245,4.973,-18.300",0.0299,0.0000,0.0000,"Below","None","","V10_PROXY_Branch_To_Gallery_Foot_Plug_Bypass_A_Floor","","","",""
2,19,"2.245,4.973,-18.300","2.509,5.010,-18.250","2.509,4.980,-18.250",0.0299,0.0000,0.0000,"Below","None","","V10_PROXY_Branch_To_Gallery_Foot_Plug_Bypass_A_Floor","","","",""
2,20,"2.509,4.980,-18.250","2.773,5.016,-18.200","2.773,4.987,-18.200",0.0299,0.0000,0.0000,"Below","None","","V10_PROXY_Branch_To_Gallery_Foot_Plug_Bypass_A_Floor","","","",""
2,21,"2.773,4.987,-18.200","3.036,5.023,-18.150","3.036,4.993,-18.150",0.0299,0.0000,0.0000,"Below","None","","V10_PROXY_Branch_To_Gallery_Foot_Plug_Bypass_A_Floor","","","",""
2,22,"3.036,4.993,-18.150","3.300,5.030,-18.100","3.300,5.000,-18.100",0.0297,0.0000,0.0000,"Below","None","","V10_PROXY_Branch_To_Gallery_Foot_Plug_Bypass_B_Floor","","","",""
3,1,"3.300,5.000,-18.100","3.522,5.041,-17.935","3.522,5.011,-17.935",0.0297,0.0000,0.0000,"Below","None","","V10_PROXY_Branch_To_Gallery_Foot_Plug_Bypass_B_Floor","","","",""
3,2,"3.522,5.011,-17.935","3.743,5.052,-17.770","3.743,5.022,-17.770",0.0297,0.0000,0.0000,"Below","None","","V10_PROXY_Branch_To_Gallery_Foot_Plug_Bypass_B_Floor","","","",""
3,3,"3.743,5.022,-17.770","3.965,5.063,-17.604","3.965,5.033,-17.604",0.0297,0.0000,0.0000,"Below","None","","V10_PROXY_Branch_To_Gallery_Foot_Plug_Bypass_B_Floor","","","",""
3,4,"3.965,5.033,-17.604","4.187,5.073,-17.439","4.187,5.044,-17.439",0.0297,0.0000,0.0000,"Below","None","","V10_PROXY_Branch_To_Gallery_Foot_Plug_Bypass_B_Floor","","","",""
3,5,"4.187,5.044,-17.439","4.409,5.084,-17.274","4.409,5.055,-17.274",0.0297,0.0000,0.0000,"Below","None","","V10_PROXY_Branch_To_Gallery_Foot_Plug_Bypass_B_Floor","","","",""
3,6,"4.409,5.055,-17.274","4.630,5.095,-17.109","4.630,5.066,-17.109",0.0297,0.0000,0.0000,"Below","None","","V10_PROXY_Branch_To_Gallery_Foot_Plug_Bypass_B_Floor","","","",""
3,7,"4.630,5.066,-17.109","4.852,5.106,-16.943","4.852,5.076,-16.943",0.0297,0.0000,0.0000,"Below","None","","V10_PROXY_Branch_To_Gallery_Foot_Plug_Bypass_B_Floor","","","",""
3,8,"4.852,5.076,-16.943","5.074,5.117,-16.778","5.074,5.087,-16.778",0.0297,0.0000,0.0000,"Below","None","","V10_PROXY_Branch_To_Gallery_Foot_Plug_Bypass_B_Floor","","","",""
3,9,"5.074,5.087,-16.778","5.296,5.128,-16.613","5.296,5.098,-16.613",0.0297,0.0000,0.0000,"Below","None","","V10_PROXY_Branch_To_Gallery_Foot_Plug_Bypass_B_Floor","","","",""
3,10,"5.296,5.098,-16.613","5.517,5.139,-16.448","5.517,5.109,-16.448",0.0297,0.0000,0.0000,"Below","None","","V10_PROXY_Branch_To_Gallery_Foot_Plug_Bypass_B_Floor","","","",""
3,11,"5.517,5.109,-16.448","5.739,5.150,-16.283","5.739,5.120,-16.283",0.0297,0.0000,0.0000,"Below","None","","V10_PROXY_Branch_To_Gallery_Foot_Plug_Bypass_B_Floor","","","",""
3,12,"5.739,5.120,-16.283","5.961,5.160,-16.117","5.961,5.131,-16.117",0.0297,0.0000,0.0000,"Below","None","","V10_PROXY_Branch_To_Gallery_Foot_Plug_Bypass_B_Floor","","","",""
3,13,"5.961,5.131,-16.117","6.183,5.171,-15.952","6.183,5.142,-15.952",0.0297,0.0000,0.0000,"Below","None","","V10_PROXY_Branch_To_Gallery_Foot_Plug_Bypass_B_Floor","","","",""
3,14,"6.183,5.142,-15.952","6.404,5.182,-15.787","6.404,5.153,-15.787",0.0297,0.0000,0.0000,"Below","None","","V10_PROXY_Branch_To_Gallery_Foot_Plug_Bypass_B_Floor","","","",""
3,15,"6.404,5.153,-15.787","6.626,5.193,-15.622","6.626,5.163,-15.622",0.0297,0.0000,0.0000,"Below","None","","V10_PROXY_Branch_To_Gallery_Foot_Plug_Bypass_B_Floor","","","",""
3,16,"6.626,5.163,-15.622","6.848,5.204,-15.457","6.848,5.174,-15.457",0.0297,0.0000,0.0000,"Below","None","","V10_PROXY_Branch_To_Gallery_Foot_Plug_Bypass_B_Floor","","","",""
3,17,"6.848,5.174,-15.457","7.070,5.215,-15.291","7.070,5.185,-15.291",0.0297,0.0000,0.0000,"Below","None","","V10_PROXY_Branch_To_Gallery_Foot_Plug_Bypass_B_Floor","","","",""
3,18,"7.070,5.185,-15.291","7.291,5.226,-15.126","7.291,5.239,-15.126",0.0136,0.0136,0.0000,"Below","Below","","V10_PROXY_Branch_To_Gallery_Foot_Plug_Bypass_C_Floor","","","V10_PROXY_Branch_To_Gallery_Foot_Plug_Bypass_C_Floor",""
3,19,"7.291,5.239,-15.126","7.513,5.237,-14.961","7.513,5.248,-14.961",0.0114,0.0114,0.0000,"Below","Below","","V10_PROXY_Branch_To_Gallery_Foot_Plug_Bypass_C_Floor","","","V10_PROXY_Branch_To_Gallery_Foot_Plug_Bypass_C_Floor",""
3,20,"7.513,5.248,-14.961","7.735,5.247,-14.796","7.735,5.249,-14.796",0.0017,0.0017,0.0000,"Below","Below","","V10_PROXY_Branch_To_Gallery_Foot_Plug_Bypass_C_Floor","","","V10_PROXY_Branch_To_Gallery_Foot_Plug_Bypass_C_Floor",""
3,21,"7.735,5.249,-14.796","7.957,5.258,-14.630","7.957,5.250,-14.630",0.0080,0.0000,0.0000,"Below","None","","V10_PROXY_Branch_To_Gallery_Foot_Plug_Bypass_C_Floor","","","",""
3,22,"7.957,5.250,-14.630","8.178,5.269,-14.465","8.178,5.251,-14.465",0.0178,0.0000,0.0000,"Below","None","","V10_PROXY_Branch_To_Gallery_Foot_Plug_Bypass_C_Floor","","","",""
3,23,"8.178,5.251,-14.465","8.400,5.280,-14.300","8.400,5.253,-14.300",0.0275,0.0000,0.0000,"Below","None","","V10_PROXY_Branch_To_Gallery_Foot_Plug_Bypass_C_Floor","","","",""
4,1,"8.400,5.253,-14.300","8.250,5.308,-14.081","8.250,5.281,-14.081",0.0275,0.0000,0.0000,"Below","None","","V10_PROXY_Branch_To_Gallery_Foot_Plug_Bypass_C_Floor","","","",""
4,2,"8.250,5.281,-14.081","8.100,5.336,-13.863","8.100,5.309,-13.863",0.0275,0.0000,0.0000,"Below","None","","V10_PROXY_Branch_To_Gallery_Foot_Plug_Bypass_C_Floor","","","",""
4,3,"8.100,5.309,-13.863","7.950,5.364,-13.644","7.950,5.337,-13.644",0.0275,0.0000,0.0000,"Below","None","","V10_PROXY_Branch_To_Gallery_Foot_Plug_Bypass_C_Floor","","","",""
4,4,"7.950,5.337,-13.644","7.800,5.393,-13.425","7.800,5.365,-13.425",0.0275,0.0000,0.0000,"Below","None","","V10_PROXY_Branch_To_Gallery_Foot_Plug_Bypass_C_Floor","","","",""
4,5,"7.800,5.365,-13.425","7.650,5.421,-13.206","7.650,5.393,-13.206",0.0275,0.0000,0.0000,"Below","None","","V10_PROXY_Branch_To_Gallery_Foot_Plug_Bypass_C_Floor","","","",""
4,6,"7.650,5.393,-13.206","7.500,5.449,-12.988","7.500,5.421,-12.988",0.0275,0.0000,0.0000,"Below","None","","V10_PROXY_Branch_To_Gallery_Foot_Plug_Bypass_C_Floor","","","",""
4,7,"7.500,5.421,-12.988","7.350,5.477,-12.769","7.350,5.449,-12.769",0.0275,0.0000,0.0000,"Below","None","","V10_PROXY_Branch_To_Gallery_Foot_Plug_Bypass_C_Floor","","","",""
4,8,"7.350,5.449,-12.769","7.200,5.505,-12.550","7.200,5.478,-12.550",0.0275,0.0000,0.0000,"Below","None","","V10_PROXY_Branch_To_Gallery_Foot_Plug_Bypass_C_Floor","","","",""
4,9,"7.200,5.478,-12.550","7.050,5.533,-12.331","7.050,5.506,-12.331",0.0275,0.0000,0.0000,"Below","None","","V10_PROXY_Branch_To_Gallery_Foot_Plug_Bypass_C_Floor","","","",""
4,10,"7.050,5.506,-12.331","6.900,5.561,-12.113","6.900,5.534,-12.113",0.0275,0.0000,0.0000,"Below","None","","V10_PROXY_Branch_To_Gallery_Foot_Plug_Bypass_C_Floor","","","",""
4,11,"6.900,5.534,-12.113","6.750,5.589,-11.894","6.750,5.562,-11.894",0.0275,0.0000,0.0000,"Below","None","","V10_PROXY_Branch_To_Gallery_Foot_Plug_Bypass_C_Floor","","","",""
4,12,"6.750,5.562,-11.894","6.600,5.618,-11.675","6.600,5.590,-11.675",0.0275,0.0000,0.0000,"Below","None","","V10_PROXY_Branch_To_Gallery_Foot_Plug_Bypass_C_Floor","","","",""
4,13,"6.600,5.590,-11.675","6.450,5.646,-11.456","6.450,5.676,-11.456",0.0303,0.0303,0.0000,"Below","Below","","V10_PROXY_HYBRID_Service_Return_Service_Return_01_Floor","","","V10_PROXY_HYBRID_Service_Return_Service_Return_01_Floor",""
4,14,"6.450,5.676,-11.456","6.300,5.674,-11.238","6.300,5.689,-11.238",0.0153,0.0153,0.0000,"Below","Below","","V10_PROXY_HYBRID_Service_Return_Service_Return_01_Floor","","","V10_PROXY_HYBRID_Service_Return_Service_Return_01_Floor",""
4,15,"6.300,5.689,-11.238","6.150,5.702,-11.019","6.150,5.689,-11.019",0.0128,0.0000,0.0000,"Below","None","","V10_PROXY_HYBRID_Service_Return_Service_Return_01_Floor","","","",""
4,16,"6.150,5.689,-11.019","6.000,5.730,-10.800","6.000,5.700,-10.800",0.0300,0.0000,0.0000,"Below","None","","V10_PROXY_Branch_To_Gallery_Foot_Plug_Bypass_C_Floor","","","",""
5,1,"6.000,5.700,-10.800","5.825,5.777,-10.588","5.825,5.753,-10.588",0.0235,0.0000,0.0000,"Below","None","","V10_PROXY_Branch_To_Gallery_Foot_Ascending_Upper_Floor","","","",""
5,2,"5.825,5.753,-10.588","5.650,5.824,-10.375","5.650,5.800,-10.375",0.0235,0.0000,0.0000,"Below","None","","V10_PROXY_Branch_To_Gallery_Foot_Ascending_Upper_Floor","","","",""
5,3,"5.650,5.800,-10.375","5.475,5.871,-10.163","5.475,5.847,-10.163",0.0235,0.0000,0.0000,"Below","None","","V10_PROXY_Branch_To_Gallery_Foot_Ascending_Upper_Floor","","","",""
5,4,"5.475,5.847,-10.163","5.300,5.918,-9.950","5.300,5.894,-9.950",0.0235,0.0000,0.0000,"Below","None","","V10_PROXY_Branch_To_Gallery_Foot_Ascending_Upper_Floor","","","",""
5,5,"5.300,5.894,-9.950","5.125,5.964,-9.738","5.125,5.941,-9.738",0.0235,0.0000,0.0000,"Below","None","","V10_PROXY_Branch_To_Gallery_Foot_Ascending_Upper_Floor","","","",""
5,6,"5.125,5.941,-9.738","4.950,6.011,-9.525","4.950,5.988,-9.525",0.0235,0.0000,0.0000,"Below","None","","V10_PROXY_Branch_To_Gallery_Foot_Ascending_Upper_Floor","","","",""
5,7,"4.950,5.988,-9.525","4.775,6.058,-9.313","4.775,6.035,-9.313",0.0235,0.0000,0.0000,"Below","None","","V10_PROXY_Branch_To_Gallery_Foot_Ascending_Upper_Floor","","","",""
5,8,"4.775,6.035,-9.313","4.600,6.105,-9.100","4.600,6.081,-9.100",0.0235,0.0000,0.0000,"Below","None","","V10_PROXY_Branch_To_Gallery_Foot_Ascending_Upper_Floor","","","",""
5,9,"4.600,6.081,-9.100","4.425,6.152,-8.888","4.425,6.128,-8.888",0.0235,0.0000,0.0000,"Below","None","","V10_PROXY_Branch_To_Gallery_Foot_Ascending_Upper_Floor","","","",""
5,10,"4.425,6.128,-8.888","4.250,6.199,-8.675","4.250,6.175,-8.675",0.0235,0.0000,0.0000,"Below","None","","V10_PROXY_Branch_To_Gallery_Foot_Ascending_Upper_Floor","","","",""
5,11,"4.250,6.175,-8.675","4.075,6.246,-8.463","4.075,6.222,-8.463",0.0235,0.0000,0.0000,"Below","None","","V10_PROXY_Branch_To_Gallery_Foot_Ascending_Upper_Floor","","","",""
5,12,"4.075,6.222,-8.463","3.900,6.293,-8.250","3.900,6.269,-8.250",0.0235,0.0000,0.0000,"Below","None","","V10_PROXY_Branch_To_Gallery_Foot_Ascending_Upper_Floor","","","",""
5,13,"3.900,6.269,-8.250","3.725,6.339,-8.038","3.725,6.316,-8.038",0.0235,0.0000,0.0000,"Below","None","","V10_PROXY_Branch_To_Gallery_Foot_Ascending_Upper_Floor","","","",""
5,14,"3.725,6.316,-8.038","3.550,6.386,-7.825","3.550,6.363,-7.825",0.0235,0.0000,0.0000,"Below","None","","V10_PROXY_Branch_To_Gallery_Foot_Ascending_Upper_Floor","","","",""
5,15,"3.550,6.363,-7.825","3.375,6.433,-7.613","3.375,6.425,-7.613",0.0077,0.0000,0.0000,"Below","None","","V10_PROXY_Grand_Gallery_Gallery_Floor_Ramp","","","",""
5,16,"3.375,6.425,-7.613","3.200,6.480,-7.400","3.200,6.487,-7.400",0.0066,0.0066,0.0000,"Below","Below","","V10_PROXY_Grand_Gallery_Gallery_Floor_Ramp","","","V10_PROXY_Grand_Gallery_Gallery_Floor_Ramp",""
6,1,"3.200,6.487,-7.400","3.279,6.586,-7.155","3.279,6.592,-7.155",0.0066,0.0066,0.0000,"Below","Below","","V10_PROXY_Grand_Gallery_Gallery_Floor_Ramp","","","V10_PROXY_Grand_Gallery_Gallery_Floor_Ramp",""
6,2,"3.279,6.592,-7.155","3.358,6.691,-6.911","3.358,6.698,-6.911",0.0066,0.0066,0.0000,"Below","Below","","V10_PROXY_Grand_Gallery_Gallery_Floor_Ramp","","","V10_PROXY_Grand_Gallery_Gallery_Floor_Ramp",""
6,3,"3.358,6.698,-6.911","3.436,6.797,-6.666","3.436,6.804,-6.666",0.0066,0.0066,0.0000,"Below","Below","","V10_PROXY_Grand_Gallery_Gallery_Floor_Ramp","","","V10_PROXY_Grand_Gallery_Gallery_Floor_Ramp",""
6,4,"3.436,6.804,-6.666","3.515,6.903,-6.422","3.515,6.909,-6.422",0.0066,0.0066,0.0000,"Below","Below","","V10_PROXY_Grand_Gallery_Gallery_Floor_Ramp","","","V10_PROXY_Grand_Gallery_Gallery_Floor_Ramp",""
6,5,"3.515,6.909,-6.422","3.594,7.009,-6.177","3.594,7.015,-6.177",0.0066,0.0066,0.0000,"Below","Below","","V10_PROXY_Grand_Gallery_Gallery_Floor_Ramp","","","V10_PROXY_Grand_Gallery_Gallery_Floor_Ramp",""
6,6,"3.594,7.015,-6.177","3.673,7.114,-5.932","3.673,7.121,-5.932",0.0066,0.0066,0.0000,"Below","Below","","V10_PROXY_Grand_Gallery_Gallery_Floor_Ramp","","","V10_PROXY_Grand_Gallery_Gallery_Floor_Ramp",""
6,7,"3.673,7.121,-5.932","3.751,7.220,-5.688","3.751,7.227,-5.688",0.0066,0.0066,0.0000,"Below","Below","","V10_PROXY_Grand_Gallery_Gallery_Floor_Ramp","","","V10_PROXY_Grand_Gallery_Gallery_Floor_Ramp",""
6,8,"3.751,7.227,-5.688","3.830,7.326,-5.443","3.830,7.332,-5.443",0.0066,0.0066,0.0000,"Below","Below","","V10_PROXY_Grand_Gallery_Gallery_Floor_Ramp","","","V10_PROXY_Grand_Gallery_Gallery_Floor_Ramp",""
6,9,"3.830,7.332,-5.443","3.909,7.432,-5.198","3.909,7.438,-5.198",0.0066,0.0066,0.0000,"Below","Below","","V10_PROXY_Grand_Gallery_Gallery_Floor_Ramp","","","V10_PROXY_Grand_Gallery_Gallery_Floor_Ramp",""
6,10,"3.909,7.438,-5.198","3.988,7.537,-4.954","3.988,7.544,-4.954",0.0066,0.0066,0.0000,"Below","Below","","V10_PROXY_Grand_Gallery_Gallery_Floor_Ramp","","","V10_PROXY_Grand_Gallery_Gallery_Floor_Ramp",""
6,11,"3.988,7.544,-4.954","4.067,7.643,-4.709","4.067,7.650,-4.709",0.0066,0.0066,0.0000,"Below","Below","","V10_PROXY_Grand_Gallery_Gallery_Floor_Ramp","","","V10_PROXY_Grand_Gallery_Gallery_Floor_Ramp",""
6,12,"4.067,7.650,-4.709","4.145,7.749,-4.465","4.145,7.755,-4.465",0.0066,0.0066,0.0000,"Below","Below","","V10_PROXY_Grand_Gallery_Gallery_Floor_Ramp","","","V10_PROXY_Grand_Gallery_Gallery_Floor_Ramp",""
6,13,"4.145,7.755,-4.465","4.224,7.854,-4.220","4.224,7.861,-4.220",0.0066,0.0066,0.0000,"Below","Below","","V10_PROXY_Grand_Gallery_Gallery_Floor_Ramp","","","V10_PROXY_Grand_Gallery_Gallery_Floor_Ramp",""
6,14,"4.224,7.861,-4.220","4.303,7.960,-3.975","4.303,7.967,-3.975",0.0066,0.0066,0.0000,"Below","Below","","V10_PROXY_Grand_Gallery_Gallery_Floor_Ramp","","","V10_PROXY_Grand_Gallery_Gallery_Floor_Ramp",""
6,15,"4.303,7.967,-3.975","4.382,8.066,-3.731","4.382,8.072,-3.731",0.0066,0.0066,0.0000,"Below","Below","","V10_PROXY_Grand_Gallery_Gallery_Floor_Ramp","","","V10_PROXY_Grand_Gallery_Gallery_Floor_Ramp",""
6,16,"4.382,8.072,-3.731","4.460,8.172,-3.486","4.460,8.178,-3.486",0.0066,0.0066,0.0000,"Below","Below","","V10_PROXY_Grand_Gallery_Gallery_Floor_Ramp","","","V10_PROXY_Grand_Gallery_Gallery_Floor_Ramp",""
6,17,"4.460,8.178,-3.486","4.539,8.277,-3.242","4.539,8.284,-3.242",0.0066,0.0066,0.0000,"Below","Below","","V10_PROXY_Grand_Gallery_Gallery_Floor_Ramp","","","V10_PROXY_Grand_Gallery_Gallery_Floor_Ramp",""
6,18,"4.539,8.284,-3.242","4.618,8.383,-2.997","4.618,8.390,-2.997",0.0066,0.0066,0.0000,"Below","Below","","V10_PROXY_Grand_Gallery_Gallery_Floor_Ramp","","","V10_PROXY_Grand_Gallery_Gallery_Floor_Ramp",""
6,19,"4.618,8.390,-2.997","4.697,8.489,-2.752","4.697,8.495,-2.752",0.0066,0.0066,0.0000,"Below","Below","","V10_PROXY_Grand_Gallery_Gallery_Floor_Ramp","","","V10_PROXY_Grand_Gallery_Gallery_Floor_Ramp",""
6,20,"4.697,8.495,-2.752","4.775,8.594,-2.508","4.775,8.601,-2.508",0.0066,0.0066,0.0000,"Below","Below","","V10_PROXY_Grand_Gallery_Gallery_Floor_Ramp","","","V10_PROXY_Grand_Gallery_Gallery_Floor_Ramp",""
6,21,"4.775,8.601,-2.508","4.854,8.700,-2.263","4.854,8.707,-2.263",0.0066,0.0066,0.0000,"Below","Below","","V10_PROXY_Grand_Gallery_Gallery_Floor_Ramp","","","V10_PROXY_Grand_Gallery_Gallery_Floor_Ramp",""
6,22,"4.854,8.707,-2.263","4.933,8.806,-2.018","4.933,8.813,-2.018",0.0066,0.0066,0.0000,"Below","Below","","V10_PROXY_Grand_Gallery_Gallery_Floor_Ramp","","","V10_PROXY_Grand_Gallery_Gallery_Floor_Ramp",""
6,23,"4.933,8.813,-2.018","5.012,8.912,-1.774","5.012,8.918,-1.774",0.0066,0.0066,0.0000,"Below","Below","","V10_PROXY_Grand_Gallery_Gallery_Floor_Ramp","","","V10_PROXY_Grand_Gallery_Gallery_Floor_Ramp",""
6,24,"5.012,8.918,-1.774","5.091,9.017,-1.529","5.091,9.024,-1.529",0.0066,0.0066,0.0000,"Below","Below","","V10_PROXY_Grand_Gallery_Gallery_Floor_Ramp","","","V10_PROXY_Grand_Gallery_Gallery_Floor_Ramp",""
6,25,"5.091,9.024,-1.529","5.169,9.123,-1.285","5.169,9.130,-1.285",0.0066,0.0066,0.0000,"Below","Below","","V10_PROXY_Grand_Gallery_Gallery_Floor_Ramp","","","V10_PROXY_Grand_Gallery_Gallery_Floor_Ramp",""
6,26,"5.169,9.130,-1.285","5.248,9.229,-1.040","5.248,9.235,-1.040",0.0066,0.0066,0.0000,"Below","Below","","V10_PROXY_Grand_Gallery_Gallery_Floor_Ramp","","","V10_PROXY_Grand_Gallery_Gallery_Floor_Ramp",""
6,27,"5.248,9.235,-1.040","5.327,9.335,-0.795","5.327,9.341,-0.795",0.0066,0.0066,0.0000,"Below","Below","","V10_PROXY_Grand_Gallery_Gallery_Floor_Ramp","","","V10_PROXY_Grand_Gallery_Gallery_Floor_Ramp",""
6,28,"5.327,9.341,-0.795","5.406,9.440,-0.551","5.406,9.447,-0.551",0.0066,0.0066,0.0000,"Below","Below","","V10_PROXY_Grand_Gallery_Gallery_Floor_Ramp","","","V10_PROXY_Grand_Gallery_Gallery_Floor_Ramp",""
6,29,"5.406,9.447,-0.551","5.484,9.546,-0.306","5.484,9.553,-0.306",0.0066,0.0066,0.0000,"Below","Below","","V10_PROXY_Grand_Gallery_Gallery_Floor_Ramp","","","V10_PROXY_Grand_Gallery_Gallery_Floor_Ramp",""
6,30,"5.484,9.553,-0.306","5.563,9.652,-0.062","5.563,9.658,-0.062",0.0066,0.0066,0.0000,"Below","Below","","V10_PROXY_Grand_Gallery_Gallery_Floor_Ramp","","","V10_PROXY_Grand_Gallery_Gallery_Floor_Ramp",""
6,31,"5.563,9.658,-0.062","5.642,9.757,0.183","5.642,9.764,0.183",0.0066,0.0066,0.0000,"Below","Below","","V10_PROXY_Grand_Gallery_Gallery_Floor_Ramp","","","V10_PROXY_Grand_Gallery_Gallery_Floor_Ramp",""
6,32,"5.642,9.764,0.183","5.721,9.863,0.428","5.721,9.870,0.428",0.0066,0.0066,0.0000,"Below","Below","","V10_PROXY_Grand_Gallery_Gallery_Floor_Ramp","","","V10_PROXY_Grand_Gallery_Gallery_Floor_Ramp",""
6,33,"5.721,9.870,0.428","5.800,9.969,0.672","5.800,9.975,0.672",0.0066,0.0066,0.0000,"Below","Below","","V10_PROXY_Grand_Gallery_Gallery_Floor_Ramp","","","V10_PROXY_Grand_Gallery_Gallery_Floor_Ramp",""
6,34,"5.800,9.975,0.672","5.878,10.075,0.917","5.878,10.081,0.917",0.0066,0.0066,0.0000,"Below","Below","","V10_PROXY_Grand_Gallery_Gallery_Floor_Ramp","","","V10_PROXY_Grand_Gallery_Gallery_Floor_Ramp",""
6,35,"5.878,10.081,0.917","5.957,10.180,1.162","5.957,10.187,1.162",0.0066,0.0066,0.0000,"Below","Below","","V10_PROXY_Grand_Gallery_Gallery_Floor_Ramp","","","V10_PROXY_Grand_Gallery_Gallery_Floor_Ramp",""
6,36,"5.957,10.187,1.162","6.036,10.286,1.406","6.036,10.293,1.406",0.0066,0.0066,0.0000,"Below","Below","","V10_PROXY_Grand_Gallery_Gallery_Floor_Ramp","","","V10_PROXY_Grand_Gallery_Gallery_Floor_Ramp",""
6,37,"6.036,10.293,1.406","6.115,10.392,1.651","6.115,10.398,1.651",0.0066,0.0066,0.0000,"Below","Below","","V10_PROXY_Grand_Gallery_Gallery_Floor_Ramp","","","V10_PROXY_Grand_Gallery_Gallery_Floor_Ramp",""
6,38,"6.115,10.398,1.651","6.193,10.498,1.895","6.193,10.504,1.895",0.0066,0.0066,0.0000,"Below","Below","","V10_PROXY_Grand_Gallery_Gallery_Floor_Ramp","","","V10_PROXY_Grand_Gallery_Gallery_Floor_Ramp",""
6,39,"6.193,10.504,1.895","6.272,10.603,2.140","6.272,10.610,2.140",0.0066,0.0066,0.0000,"Below","Below","","V10_PROXY_Grand_Gallery_Gallery_Floor_Ramp","","","V10_PROXY_Grand_Gallery_Gallery_Floor_Ramp",""
6,40,"6.272,10.610,2.140","6.351,10.709,2.385","6.351,10.716,2.385",0.0066,0.0066,0.0000,"Below","Below","","V10_PROXY_Grand_Gallery_Gallery_Floor_Ramp","","","V10_PROXY_Grand_Gallery_Gallery_Floor_Ramp",""
6,41,"6.351,10.716,2.385","6.430,10.815,2.629","6.430,10.821,2.629",0.0066,0.0066,0.0000,"Below","Below","","V10_PROXY_Grand_Gallery_Gallery_Floor_Ramp","","","V10_PROXY_Grand_Gallery_Gallery_Floor_Ramp",""
6,42,"6.430,10.821,2.629","6.509,10.920,2.874","6.509,10.927,2.874",0.0066,0.0066,0.0000,"Below","Below","","V10_PROXY_Grand_Gallery_Gallery_Floor_Ramp","","","V10_PROXY_Grand_Gallery_Gallery_Floor_Ramp",""
6,43,"6.509,10.927,2.874","6.587,11.026,3.119","6.587,11.033,3.119",0.0066,0.0066,0.0000,"Below","Below","","V10_PROXY_Grand_Gallery_Gallery_Floor_Ramp","","","V10_PROXY_Grand_Gallery_Gallery_Floor_Ramp",""
6,44,"6.587,11.033,3.119","6.666,11.132,3.363","6.666,11.138,3.363",0.0066,0.0066,0.0000,"Below","Below","","V10_PROXY_Grand_Gallery_Gallery_Floor_Ramp","","","V10_PROXY_Grand_Gallery_Gallery_Floor_Ramp",""
6,45,"6.666,11.138,3.363","6.745,11.238,3.608","6.702,11.186,3.473",0.1504,0.0000,0.0000,"5","None","V10_PROXY_Great_Step_Boundary_Great_Step_Diegetic_Boundary","V10_PROXY_Grand_Gallery_Gallery_Floor_Ramp","","","",""
7,1,"6.702,11.186,3.473","6.666,11.132,3.363","6.666,11.138,3.363",0.0066,0.0542,0.0476,"Above","Below","V10_PROXY_Great_Step_Boundary_Great_Step_Diegetic_Boundary","","","","V10_PROXY_Grand_Gallery_Gallery_Floor_Ramp",""
7,2,"6.666,11.138,3.363","6.587,11.026,3.119","6.587,11.033,3.119",0.0066,0.1123,0.1057,"None","Below","","","","","V10_PROXY_Grand_Gallery_Gallery_Floor_Ramp",""
7,3,"6.587,11.033,3.119","6.509,10.920,2.874","6.509,10.927,2.874",0.0066,0.1123,0.1057,"None","Below","","","","","V10_PROXY_Grand_Gallery_Gallery_Floor_Ramp",""
7,4,"6.509,10.927,2.874","6.430,10.815,2.629","6.430,10.821,2.629",0.0066,0.1123,0.1057,"None","Below","","","","","V10_PROXY_Grand_Gallery_Gallery_Floor_Ramp",""
7,5,"6.430,10.821,2.629","6.351,10.709,2.385","6.351,10.716,2.385",0.0066,0.1123,0.1057,"None","Below","","","","","V10_PROXY_Grand_Gallery_Gallery_Floor_Ramp",""
7,6,"6.351,10.716,2.385","6.272,10.603,2.140","6.272,10.610,2.140",0.0066,0.1123,0.1057,"None","Below","","","","","V10_PROXY_Grand_Gallery_Gallery_Floor_Ramp",""
7,7,"6.272,10.610,2.140","6.193,10.498,1.895","6.193,10.504,1.895",0.0066,0.1123,0.1057,"None","Below","","","","","V10_PROXY_Grand_Gallery_Gallery_Floor_Ramp",""
7,8,"6.193,10.504,1.895","6.115,10.392,1.651","6.115,10.398,1.651",0.0066,0.1123,0.1057,"None","Below","","","","","V10_PROXY_Grand_Gallery_Gallery_Floor_Ramp",""
7,9,"6.115,10.398,1.651","6.036,10.286,1.406","6.036,10.293,1.406",0.0066,0.1123,0.1057,"None","Below","","","","","V10_PROXY_Grand_Gallery_Gallery_Floor_Ramp",""
7,10,"6.036,10.293,1.406","5.957,10.180,1.162","5.957,10.187,1.162",0.0066,0.1123,0.1057,"None","Below","","","","","V10_PROXY_Grand_Gallery_Gallery_Floor_Ramp",""
7,11,"5.957,10.187,1.162","5.878,10.075,0.917","5.878,10.081,0.917",0.0066,0.1123,0.1057,"None","Below","","","","","V10_PROXY_Grand_Gallery_Gallery_Floor_Ramp",""
7,12,"5.878,10.081,0.917","5.800,9.969,0.672","5.800,9.975,0.672",0.0066,0.1123,0.1057,"None","Below","","","","","V10_PROXY_Grand_Gallery_Gallery_Floor_Ramp",""
7,13,"5.800,9.975,0.672","5.721,9.863,0.428","5.721,9.870,0.428",0.0066,0.1123,0.1057,"None","Below","","","","","V10_PROXY_Grand_Gallery_Gallery_Floor_Ramp",""
7,14,"5.721,9.870,0.428","5.642,9.757,0.183","5.642,9.764,0.183",0.0066,0.1123,0.1057,"None","Below","","","","","V10_PROXY_Grand_Gallery_Gallery_Floor_Ramp",""
7,15,"5.642,9.764,0.183","5.563,9.652,-0.062","5.563,9.658,-0.062",0.0066,0.1123,0.1057,"None","Below","","","","","V10_PROXY_Grand_Gallery_Gallery_Floor_Ramp",""
7,16,"5.563,9.658,-0.062","5.484,9.546,-0.306","5.484,9.553,-0.306",0.0066,0.1123,0.1057,"None","Below","","","","","V10_PROXY_Grand_Gallery_Gallery_Floor_Ramp",""
7,17,"5.484,9.553,-0.306","5.406,9.440,-0.551","5.406,9.447,-0.551",0.0066,0.1123,0.1057,"None","Below","","","","","V10_PROXY_Grand_Gallery_Gallery_Floor_Ramp",""
7,18,"5.406,9.447,-0.551","5.327,9.335,-0.795","5.327,9.341,-0.795",0.0066,0.1123,0.1057,"None","Below","","","","","V10_PROXY_Grand_Gallery_Gallery_Floor_Ramp",""
7,19,"5.327,9.341,-0.795","5.248,9.229,-1.040","5.248,9.235,-1.040",0.0066,0.1123,0.1057,"None","Below","","","","","V10_PROXY_Grand_Gallery_Gallery_Floor_Ramp",""
7,20,"5.248,9.235,-1.040","5.169,9.123,-1.285","5.169,9.130,-1.285",0.0066,0.1123,0.1057,"None","Below","","","","","V10_PROXY_Grand_Gallery_Gallery_Floor_Ramp",""
7,21,"5.169,9.130,-1.285","5.091,9.017,-1.529","5.091,9.024,-1.529",0.0066,0.1123,0.1057,"None","Below","","","","","V10_PROXY_Grand_Gallery_Gallery_Floor_Ramp",""
7,22,"5.091,9.024,-1.529","5.012,8.912,-1.774","5.012,8.918,-1.774",0.0066,0.1123,0.1057,"None","Below","","","","","V10_PROXY_Grand_Gallery_Gallery_Floor_Ramp",""
7,23,"5.012,8.918,-1.774","4.933,8.806,-2.018","4.933,8.813,-2.018",0.0066,0.1123,0.1057,"None","Below","","","","","V10_PROXY_Grand_Gallery_Gallery_Floor_Ramp",""
7,24,"4.933,8.813,-2.018","4.854,8.700,-2.263","4.854,8.707,-2.263",0.0066,0.1123,0.1057,"None","Below","","","","","V10_PROXY_Grand_Gallery_Gallery_Floor_Ramp",""
7,25,"4.854,8.707,-2.263","4.775,8.594,-2.508","4.775,8.601,-2.508",0.0066,0.1123,0.1057,"None","Below","","","","","V10_PROXY_Grand_Gallery_Gallery_Floor_Ramp",""
7,26,"4.775,8.601,-2.508","4.697,8.489,-2.752","4.697,8.495,-2.752",0.0066,0.1123,0.1057,"None","Below","","","","","V10_PROXY_Grand_Gallery_Gallery_Floor_Ramp",""
7,27,"4.697,8.495,-2.752","4.618,8.383,-2.997","4.618,8.390,-2.997",0.0066,0.1123,0.1057,"None","Below","","","","","V10_PROXY_Grand_Gallery_Gallery_Floor_Ramp",""
7,28,"4.618,8.390,-2.997","4.539,8.277,-3.242","4.539,8.284,-3.242",0.0066,0.1123,0.1057,"None","Below","","","","","V10_PROXY_Grand_Gallery_Gallery_Floor_Ramp",""
7,29,"4.539,8.284,-3.242","4.460,8.172,-3.486","4.460,8.178,-3.486",0.0066,0.1123,0.1057,"None","Below","","","","","V10_PROXY_Grand_Gallery_Gallery_Floor_Ramp",""
7,30,"4.460,8.178,-3.486","4.382,8.066,-3.731","4.382,8.072,-3.731",0.0066,0.1123,0.1057,"None","Below","","","","","V10_PROXY_Grand_Gallery_Gallery_Floor_Ramp",""
7,31,"4.382,8.072,-3.731","4.303,7.960,-3.975","4.303,7.967,-3.975",0.0066,0.1123,0.1057,"None","Below","","","","","V10_PROXY_Grand_Gallery_Gallery_Floor_Ramp",""
7,32,"4.303,7.967,-3.975","4.224,7.854,-4.220","4.224,7.861,-4.220",0.0066,0.1123,0.1057,"None","Below","","","","","V10_PROXY_Grand_Gallery_Gallery_Floor_Ramp",""
7,33,"4.224,7.861,-4.220","4.145,7.749,-4.465","4.145,7.755,-4.465",0.0066,0.1123,0.1057,"None","Below","","","","","V10_PROXY_Grand_Gallery_Gallery_Floor_Ramp",""
7,34,"4.145,7.755,-4.465","4.067,7.643,-4.709","4.067,7.650,-4.709",0.0066,0.1123,0.1057,"None","Below","","","","","V10_PROXY_Grand_Gallery_Gallery_Floor_Ramp",""
7,35,"4.067,7.650,-4.709","3.988,7.537,-4.954","3.988,7.544,-4.954",0.0066,0.1123,0.1057,"None","Below","","","","","V10_PROXY_Grand_Gallery_Gallery_Floor_Ramp",""
7,36,"3.988,7.544,-4.954","3.909,7.432,-5.198","3.909,7.438,-5.198",0.0066,0.1123,0.1057,"None","Below","","","","","V10_PROXY_Grand_Gallery_Gallery_Floor_Ramp",""
7,37,"3.909,7.438,-5.198","3.830,7.326,-5.443","3.830,7.332,-5.443",0.0066,0.1123,0.1057,"None","Below","","","","","V10_PROXY_Grand_Gallery_Gallery_Floor_Ramp",""
7,38,"3.830,7.332,-5.443","3.751,7.220,-5.688","3.751,7.227,-5.688",0.0066,0.1123,0.1057,"None","Below","","","","","V10_PROXY_Grand_Gallery_Gallery_Floor_Ramp",""
7,39,"3.751,7.227,-5.688","3.673,7.114,-5.932","3.673,7.121,-5.932",0.0066,0.1123,0.1057,"None","Below","","","","","V10_PROXY_Grand_Gallery_Gallery_Floor_Ramp",""
7,40,"3.673,7.121,-5.932","3.594,7.009,-6.177","3.594,7.015,-6.177",0.0066,0.1123,0.1057,"None","Below","","","","","V10_PROXY_Grand_Gallery_Gallery_Floor_Ramp",""
7,41,"3.594,7.015,-6.177","3.515,6.903,-6.422","3.515,6.909,-6.422",0.0066,0.1123,0.1057,"None","Below","","","","","V10_PROXY_Grand_Gallery_Gallery_Floor_Ramp",""
7,42,"3.515,6.909,-6.422","3.436,6.797,-6.666","3.436,6.804,-6.666",0.0066,0.1123,0.1057,"None","Below","","","","","V10_PROXY_Grand_Gallery_Gallery_Floor_Ramp",""
7,43,"3.436,6.804,-6.666","3.358,6.691,-6.911","3.358,6.698,-6.911",0.0066,0.1123,0.1057,"None","Below","","","","","V10_PROXY_Grand_Gallery_Gallery_Floor_Ramp",""
7,44,"3.358,6.698,-6.911","3.279,6.586,-7.155","3.279,6.592,-7.155",0.0066,0.1123,0.1057,"None","Below","","","","","V10_PROXY_Grand_Gallery_Gallery_Floor_Ramp",""
7,45,"3.279,6.592,-7.155","3.200,6.480,-7.400","3.200,6.487,-7.400",0.0066,0.1123,0.1057,"None","Below","","","","","V10_PROXY_Grand_Gallery_Gallery_Floor_Ramp",""
8,1,"3.200,6.487,-7.400","3.377,6.426,-7.596","3.377,6.432,-7.596",0.0066,0.0609,0.0544,"None","Below","","","","","V10_PROXY_Grand_Gallery_Gallery_Floor_Ramp",""
8,2,"3.377,6.432,-7.596","3.554,6.371,-7.792","3.554,6.371,-7.792",0.0000,0.0609,0.0609,"None","None","","","","","",""
8,3,"3.554,6.371,-7.792","3.731,6.317,-7.987","3.731,6.322,-7.987",0.0048,0.0544,0.0495,"None","Below","","","","","V10_PROXY_Branch_To_Gallery_Foot_Ascending_Upper_Floor",""
8,4,"3.731,6.322,-7.987","3.908,6.263,-8.183","3.908,6.277,-8.183",0.0143,0.0592,0.0449,"None","Below","","","","","V10_PROXY_Branch_To_Gallery_Foot_Ascending_Upper_Floor",""
8,5,"3.908,6.277,-8.183","4.085,6.208,-8.379","4.085,6.232,-8.379",0.0237,0.0686,0.0449,"None","Below","","","","","V10_PROXY_Branch_To_Gallery_Foot_Ascending_Upper_Floor",""
8,6,"4.085,6.232,-8.379","4.262,6.154,-8.575","4.262,6.187,-8.575",0.0331,0.0781,0.0449,"None","Below","","","","","V10_PROXY_Branch_To_Gallery_Foot_Ascending_Upper_Floor",""
8,7,"4.262,6.187,-8.575","4.439,6.100,-8.771","4.439,6.142,-8.771",0.0426,0.0875,0.0449,"None","Below","","","","","V10_PROXY_Branch_To_Gallery_Foot_Ascending_Upper_Floor",""
8,8,"4.439,6.142,-8.771","4.617,6.045,-8.967","4.617,6.097,-8.967",0.0520,0.0969,0.0449,"None","Below","","","","","V10_PROXY_Branch_To_Gallery_Foot_Ascending_Upper_Floor",""
8,9,"4.617,6.097,-8.967","4.794,5.991,-9.162","4.794,6.052,-9.162",0.0615,0.1064,0.0449,"None","Below","","","","","V10_PROXY_Branch_To_Gallery_Foot_Ascending_Upper_Floor",""
8,10,"4.794,6.052,-9.162","4.971,5.936,-9.358","4.971,6.007,-9.358",0.0709,0.1158,0.0449,"None","Below","","","","","V10_PROXY_Branch_To_Gallery_Foot_Ascending_Upper_Floor",""
8,11,"4.971,6.007,-9.358","5.148,5.882,-9.554","5.148,5.963,-9.554",0.0804,0.1253,0.0449,"None","Below","","","","","V10_PROXY_Branch_To_Gallery_Foot_Ascending_Upper_Floor",""
8,12,"5.148,5.963,-9.554","5.325,5.828,-9.750","5.325,5.918,-9.750",0.0898,0.1347,0.0449,"None","Below","","","","","V10_PROXY_Branch_To_Gallery_Foot_Ascending_Upper_Floor",""
8,13,"5.325,5.918,-9.750","5.502,5.773,-9.946","5.502,5.873,-9.946",0.0993,0.1442,0.0449,"None","Below","","","","","V10_PROXY_Branch_To_Gallery_Foot_Ascending_Upper_Floor",""
8,14,"5.502,5.873,-9.946","5.679,5.719,-10.141","5.679,5.828,-10.141",0.1087,0.1536,0.0449,"None","Below","","","","","V10_PROXY_Branch_To_Gallery_Foot_Ascending_Upper_Floor",""
9,1,"5.679,5.828,-10.141","5.936,5.719,-10.062","5.936,5.810,-10.062",0.0912,0.1087,0.0175,"None","Below","","","","","V10_PROXY_Branch_To_Gallery_Foot_Ascending_Upper_Floor",""
9,2,"5.936,5.810,-10.062","6.194,5.719,-9.983","6.194,5.793,-9.983",0.0737,0.0912,0.0175,"None","Below","","","","","V10_PROXY_Branch_To_Gallery_Foot_Ascending_Upper_Floor",""
9,3,"6.194,5.793,-9.983","6.451,5.719,-9.904","6.451,5.775,-9.904",0.0563,0.0737,0.0175,"None","Below","","","","","V10_PROXY_Branch_To_Gallery_Foot_Ascending_Upper_Floor",""
9,4,"6.451,5.775,-9.904","6.709,5.719,-9.825","6.709,5.758,-9.825",0.0388,0.0563,0.0175,"None","Below","","","","","V10_PROXY_Branch_To_Gallery_Foot_Ascending_Upper_Floor",""
9,5,"6.709,5.758,-9.825","6.966,5.719,-9.746","6.966,5.725,-9.746",0.0060,0.0388,0.0328,"None","Below","","","","","V10_PROXY_Branch_To_Gallery_Foot_Ascending_Upper_Floor",""
9,6,"6.966,5.725,-9.746","7.224,5.719,-9.667","7.224,5.719,-9.667",0.0000,0.0060,0.0060,"None","None","","","","","",""
9,7,"7.224,5.719,-9.667","7.481,5.719,-9.588","7.481,5.719,-9.588",0.0000,0.0000,0.0000,"None","None","","","","","",""
9,8,"7.481,5.719,-9.588","7.739,5.719,-9.509","7.739,5.719,-9.509",0.0000,0.0000,0.0000,"None","None","","","","","",""
9,9,"7.739,5.719,-9.509","7.996,5.719,-9.430","7.996,5.719,-9.430",0.0000,0.0000,0.0000,"None","None","","","","","",""
9,10,"7.996,5.719,-9.430","8.253,5.719,-9.351","8.253,5.719,-9.351",0.0000,0.0000,0.0000,"None","None","","","","","",""
9,11,"8.253,5.719,-9.351","8.511,5.719,-9.272","8.511,5.719,-9.272",0.0000,0.0000,0.0000,"None","None","","","","","",""
9,12,"8.511,5.719,-9.272","8.768,5.719,-9.193","8.768,5.719,-9.193",0.0000,0.0000,0.0000,"None","None","","","","","",""
9,13,"8.768,5.719,-9.193","9.026,5.719,-9.114","9.026,5.719,-9.114",0.0000,0.0000,0.0000,"None","None","","","","","",""
9,14,"9.026,5.719,-9.114","9.283,5.719,-9.035","9.283,5.719,-9.035",0.0000,0.0000,0.0000,"None","None","","","","","",""
9,15,"9.283,5.719,-9.035","9.541,5.719,-8.956","9.541,5.719,-8.956",0.0000,0.0000,0.0000,"None","None","","","","","",""
9,16,"9.541,5.719,-8.956","9.798,5.719,-8.877","9.798,5.719,-8.877",0.0000,0.0000,0.0000,"None","None","","","","","",""
9,17,"9.798,5.719,-8.877","10.056,5.719,-8.798","10.056,5.719,-8.798",0.0000,0.0000,0.0000,"None","None","","","","","",""
9,18,"10.056,5.719,-8.798","10.313,5.719,-8.719","10.313,5.719,-8.719",0.0000,0.0000,0.0000,"None","None","","","","","",""
9,19,"10.313,5.719,-8.719","10.571,5.719,-8.640","10.571,5.719,-8.640",0.0000,0.0000,0.0000,"None","None","","","","","",""
9,20,"10.571,5.719,-8.640","10.828,5.719,-8.561","10.828,5.719,-8.561",0.0000,0.0000,0.0000,"None","None","","","","","",""
9,21,"10.828,5.719,-8.561","11.085,5.719,-8.482","11.085,5.719,-8.482",0.0000,0.0000,0.0000,"None","None","","","","","",""
9,22,"11.085,5.719,-8.482","11.343,5.719,-8.403","11.343,5.719,-8.403",0.0000,0.0000,0.0000,"None","None","","","","","",""
9,23,"11.343,5.719,-8.403","11.600,5.719,-8.324","11.600,5.719,-8.324",0.0000,0.0000,0.0000,"None","None","","","","","",""
9,24,"11.600,5.719,-8.324","11.858,5.719,-8.245","11.858,5.719,-8.245",0.0000,0.0000,0.0000,"None","None","","","","","",""
10,1,"11.858,5.719,-8.245","11.971,5.685,-8.495","11.971,5.688,-8.495",0.0023,0.0336,0.0313,"None","Below","","","","","V10_PROXY_HYBRID_Service_Return_Service_Return_01_Floor",""
10,2,"11.971,5.688,-8.495","12.083,5.652,-8.745","12.083,5.684,-8.745",0.0320,0.0360,0.0040,"None","Below","","","","","V10_PROXY_HYBRID_Service_Return_Service_Return_01_Floor",""
10,3,"12.083,5.684,-8.745","12.196,5.618,-8.996","12.196,5.677,-8.996",0.0589,0.0656,0.0067,"None","Below","","","","","V10_PROXY_HYBRID_Service_Return_Service_Return_01_Floor",""
10,4,"12.196,5.677,-8.996","12.309,5.585,-9.246","12.309,5.668,-9.246",0.0831,0.0926,0.0095,"None","Below","","","","","V10_PROXY_HYBRID_Service_Return_Service_Return_01_Floor",""
10,5,"12.309,5.668,-9.246","12.422,5.551,-9.496","12.422,5.655,-9.496",0.1041,0.1167,0.0126,"None","Below","","","","","V10_PROXY_HYBRID_Service_Return_Service_Return_01_Floor",""
10,6,"12.422,5.655,-9.496","12.534,5.517,-9.747","12.534,5.544,-9.747",0.0267,0.1377,0.1111,"None","Below","","","","","","V10_PROXY_HYBRID_Service_Return_Service_Return_01_Floor"
10,7,"12.534,5.544,-9.747","12.647,5.484,-9.997","12.647,5.484,-9.997",0.0000,0.0603,0.0603,"None","None","","","","","",""
10,8,"12.647,5.484,-9.997","12.760,5.450,-10.247","12.760,5.450,-10.247",0.0000,0.0336,0.0336,"None","None","","","","","",""
10,9,"12.760,5.450,-10.247","12.873,5.416,-10.497","12.873,5.416,-10.497",0.0000,0.0336,0.0336,"None","None","","","","","",""
10,10,"12.873,5.416,-10.497","12.985,5.383,-10.748","12.985,5.383,-10.748",0.0000,0.0336,0.0336,"None","None","","","","","",""
10,11,"12.985,5.383,-10.748","13.098,5.349,-10.998","13.098,5.349,-10.998",0.0000,0.0336,0.0336,"None","None","","","","","",""
10,12,"13.098,5.349,-10.998","13.211,5.315,-11.248","13.211,5.315,-11.248",0.0000,0.0336,0.0336,"None","None","","","","","",""
10,13,"13.211,5.315,-11.248","13.324,5.282,-11.498","13.324,5.282,-11.498",0.0000,0.0336,0.0336,"None","None","","","","","",""
10,14,"13.324,5.282,-11.498","13.436,5.248,-11.749","13.436,5.248,-11.749",0.0000,0.0336,0.0336,"None","None","","","","","",""
10,15,"13.436,5.248,-11.749","13.549,5.215,-11.999","13.549,5.215,-11.999",0.0000,0.0336,0.0336,"None","None","","","","","",""
10,16,"13.549,5.215,-11.999","13.662,5.181,-12.249","13.662,5.181,-12.249",0.0000,0.0336,0.0336,"None","None","","","","","",""
10,17,"13.662,5.181,-12.249","13.775,5.147,-12.499","13.775,5.147,-12.499",0.0000,0.0336,0.0336,"None","None","","","","","",""
10,18,"13.775,5.147,-12.499","13.887,5.114,-12.750","13.887,5.114,-12.750",0.0000,0.0336,0.0336,"None","None","","","","","",""
10,19,"13.887,5.114,-12.750","14.000,5.080,-13.000","14.000,5.080,-13.000",0.0000,0.0336,0.0336,"None","None","","","","","",""
11,1,"14.000,5.080,-13.000","14.000,4.985,-13.263","14.000,4.985,-13.263",0.0000,0.0947,0.0947,"None","None","","","","","",""
11,2,"14.000,4.985,-13.263","14.000,4.891,-13.526","14.000,4.891,-13.526",0.0000,0.0947,0.0947,"None","None","","","","","",""
11,3,"14.000,4.891,-13.526","14.000,4.796,-13.789","14.000,4.796,-13.789",0.0000,0.0947,0.0947,"None","None","","","","","",""
11,4,"14.000,4.796,-13.789","14.000,4.701,-14.053","14.000,4.701,-14.053",0.0000,0.0947,0.0947,"None","None","","","","","",""
11,5,"14.000,4.701,-14.053","14.000,4.606,-14.316","14.000,4.606,-14.316",0.0000,0.0947,0.0947,"None","None","","","","","",""
11,6,"14.000,4.606,-14.316","14.000,4.512,-14.579","14.000,4.512,-14.579",0.0000,0.0947,0.0947,"None","None","","","","","",""
11,7,"14.000,4.512,-14.579","14.000,4.417,-14.842","14.000,4.417,-14.842",0.0000,0.0947,0.0947,"None","None","","","","","",""
11,8,"14.000,4.417,-14.842","14.000,4.322,-15.105","14.000,4.322,-15.105",0.0000,0.0947,0.0947,"None","None","","","","","",""
11,9,"14.000,4.322,-15.105","14.000,4.227,-15.368","14.000,4.227,-15.368",0.0000,0.0947,0.0947,"None","None","","","","","",""
11,10,"14.000,4.227,-15.368","14.000,4.133,-15.632","14.000,4.133,-15.632",0.0000,0.0947,0.0947,"None","None","","","","","",""
11,11,"14.000,4.133,-15.632","14.000,4.038,-15.895","14.000,4.038,-15.895",0.0000,0.0947,0.0947,"None","None","","","","","",""
11,12,"14.000,4.038,-15.895","14.000,3.943,-16.158","14.000,3.943,-16.158",0.0000,0.0947,0.0947,"None","None","","","","","",""
11,13,"14.000,3.943,-16.158","14.000,3.848,-16.421","14.000,3.848,-16.421",0.0000,0.0947,0.0947,"None","None","","","","","",""
11,14,"14.000,3.848,-16.421","14.000,3.754,-16.684","14.000,3.754,-16.684",0.0000,0.0947,0.0947,"None","None","","","","","",""
11,15,"14.000,3.754,-16.684","14.000,3.659,-16.947","14.000,3.659,-16.947",0.0000,0.0947,0.0947,"None","None","","","","","",""
11,16,"14.000,3.659,-16.947","14.000,3.564,-17.211","14.000,3.564,-17.211",0.0000,0.0947,0.0947,"None","None","","","","","",""
11,17,"14.000,3.564,-17.211","14.000,3.469,-17.474","14.000,3.469,-17.474",0.0000,0.0947,0.0947,"None","None","","","","","",""
11,18,"14.000,3.469,-17.474","14.000,3.375,-17.737","14.000,3.375,-17.737",0.0000,0.0947,0.0947,"None","None","","","","","",""
11,19,"14.000,3.375,-17.737","14.000,3.280,-18.000","14.000,3.280,-18.000",0.0000,0.0947,0.0947,"None","None","","","","","",""
12,1,"14.000,3.280,-18.000","13.933,3.240,-18.267","13.933,3.240,-18.267",0.0000,0.0400,0.0400,"None","None","","","","","",""
12,2,"13.933,3.240,-18.267","13.867,3.200,-18.533","13.867,3.200,-18.533",0.0000,0.0400,0.0400,"None","None","","","","","",""
12,3,"13.867,3.200,-18.533","13.800,3.160,-18.800","13.800,3.160,-18.800",0.0000,0.0400,0.0400,"None","None","","","","","",""
12,4,"13.800,3.160,-18.800","13.733,3.120,-19.067","13.733,3.120,-19.067",0.0000,0.0400,0.0400,"None","None","","","","","",""
12,5,"13.733,3.120,-19.067","13.667,3.080,-19.333","13.667,3.080,-19.333",0.0000,0.0400,0.0400,"None","None","","","","","",""
12,6,"13.667,3.080,-19.333","13.600,3.040,-19.600","13.600,3.040,-19.600",0.0000,0.0400,0.0400,"None","None","","","","","",""
12,7,"13.600,3.040,-19.600","13.533,3.000,-19.867","13.533,3.000,-19.867",0.0000,0.0400,0.0400,"None","None","","","","","",""
12,8,"13.533,3.000,-19.867","13.467,2.960,-20.133","13.467,2.960,-20.133",0.0000,0.0400,0.0400,"None","None","","","","","",""
12,9,"13.467,2.960,-20.133","13.400,2.920,-20.400","13.400,2.920,-20.400",0.0000,0.0400,0.0400,"None","None","","","","","",""
12,10,"13.400,2.920,-20.400","13.333,2.880,-20.667","13.333,2.880,-20.667",0.0000,0.0400,0.0400,"None","None","","","","","",""
12,11,"13.333,2.880,-20.667","13.267,2.840,-20.933","13.267,2.840,-20.933",0.0000,0.0400,0.0400,"None","None","","","","","",""
12,12,"13.267,2.840,-20.933","13.200,2.800,-21.200","13.200,2.800,-21.200",0.0000,0.0400,0.0400,"None","None","","","","","",""
12,13,"13.200,2.800,-21.200","13.133,2.760,-21.467","13.133,2.760,-21.467",0.0000,0.0400,0.0400,"None","None","","","","","",""
12,14,"13.133,2.760,-21.467","13.067,2.720,-21.733","13.067,2.720,-21.733",0.0000,0.0400,0.0400,"None","None","","","","","",""
12,15,"13.067,2.720,-21.733","13.000,2.680,-22.000","13.000,2.680,-22.000",0.0000,0.0400,0.0400,"None","None","","","","","",""
13,1,"13.000,2.680,-22.000","12.735,2.745,-22.000","12.735,2.728,-22.000",0.0168,0.0000,0.0000,"Below","None","","V10_PROXY_HYBRID_Service_Return_Service_Return_05_Floor","","","",""
13,2,"12.735,2.728,-22.000","12.471,2.809,-22.000","12.471,2.793,-22.000",0.0168,0.0000,0.0000,"Below","None","","V10_PROXY_HYBRID_Service_Return_Service_Return_05_Floor","","","",""
13,3,"12.471,2.793,-22.000","12.206,2.874,-22.000","12.206,2.857,-22.000",0.0168,0.0000,0.0000,"Below","None","","V10_PROXY_HYBRID_Service_Return_Service_Return_05_Floor","","","",""
13,4,"12.206,2.857,-22.000","11.941,2.939,-22.000","11.941,2.922,-22.000",0.0168,0.0000,0.0000,"Below","None","","V10_PROXY_HYBRID_Service_Return_Service_Return_05_Floor","","","",""
13,5,"11.941,2.922,-22.000","11.676,3.004,-22.000","11.676,2.987,-22.000",0.0168,0.0000,0.0000,"Below","None","","V10_PROXY_HYBRID_Service_Return_Service_Return_05_Floor","","","",""
13,6,"11.676,2.987,-22.000","11.412,3.068,-22.000","11.412,3.051,-22.000",0.0168,0.0000,0.0000,"Below","None","","V10_PROXY_HYBRID_Service_Return_Service_Return_05_Floor","","","",""
13,7,"11.412,3.051,-22.000","11.147,3.133,-22.000","11.147,3.116,-22.000",0.0168,0.0000,0.0000,"Below","None","","V10_PROXY_HYBRID_Service_Return_Service_Return_05_Floor","","","",""
13,8,"11.147,3.116,-22.000","10.882,3.198,-22.000","10.882,3.181,-22.000",0.0168,0.0000,0.0000,"Below","None","","V10_PROXY_HYBRID_Service_Return_Service_Return_05_Floor","","","",""
13,9,"10.882,3.181,-22.000","10.618,3.262,-22.000","10.618,3.246,-22.000",0.0168,0.0000,0.0000,"Below","None","","V10_PROXY_HYBRID_Service_Return_Service_Return_05_Floor","","","",""
13,10,"10.618,3.246,-22.000","10.353,3.327,-22.000","10.353,3.310,-22.000",0.0168,0.0000,0.0000,"Below","None","","V10_PROXY_HYBRID_Service_Return_Service_Return_05_Floor","","","",""
13,11,"10.353,3.310,-22.000","10.088,3.392,-22.000","10.088,3.375,-22.000",0.0168,0.0000,0.0000,"Below","None","","V10_PROXY_HYBRID_Service_Return_Service_Return_05_Floor","","","",""
13,12,"10.088,3.375,-22.000","9.824,3.456,-22.000","9.824,3.440,-22.000",0.0168,0.0000,0.0000,"Below","None","","V10_PROXY_HYBRID_Service_Return_Service_Return_05_Floor","","","",""
13,13,"9.824,3.440,-22.000","9.559,3.521,-22.000","9.559,3.504,-22.000",0.0168,0.0000,0.0000,"Below","None","","V10_PROXY_HYBRID_Service_Return_Service_Return_05_Floor","","","",""
13,14,"9.559,3.504,-22.000","9.294,3.586,-22.000","9.294,3.569,-22.000",0.0168,0.0000,0.0000,"Below","None","","V10_PROXY_HYBRID_Service_Return_Service_Return_05_Floor","","","",""
13,15,"9.294,3.569,-22.000","9.029,3.651,-22.000","9.029,3.634,-22.000",0.0168,0.0000,0.0000,"Below","None","","V10_PROXY_HYBRID_Service_Return_Service_Return_05_Floor","","","",""
13,16,"9.029,3.634,-22.000","8.765,3.715,-22.000","8.765,3.699,-22.000",0.0168,0.0000,0.0000,"Below","None","","V10_PROXY_HYBRID_Service_Return_Service_Return_05_Floor","","","",""
13,17,"8.765,3.699,-22.000","8.500,3.780,-22.000","8.500,3.763,-22.000",0.0168,0.0000,0.0000,"Below","None","","V10_PROXY_HYBRID_Service_Return_Service_Return_05_Floor","","","",""
13,18,"8.500,3.763,-22.000","8.235,3.845,-22.000","8.235,3.828,-22.000",0.0168,0.0000,0.0000,"Below","None","","V10_PROXY_HYBRID_Service_Return_Service_Return_05_Floor","","","",""
13,19,"8.235,3.828,-22.000","7.971,3.909,-22.000","7.971,3.893,-22.000",0.0168,0.0000,0.0000,"Below","None","","V10_PROXY_HYBRID_Service_Return_Service_Return_05_Floor","","","",""
13,20,"7.971,3.893,-22.000","7.706,3.974,-22.000","7.706,3.957,-22.000",0.0168,0.0000,0.0000,"Below","None","","V10_PROXY_HYBRID_Service_Return_Service_Return_05_Floor","","","",""
13,21,"7.706,3.957,-22.000","7.441,4.039,-22.000","7.441,4.022,-22.000",0.0168,0.0000,0.0000,"Below","None","","V10_PROXY_HYBRID_Service_Return_Service_Return_05_Floor","","","",""
13,22,"7.441,4.022,-22.000","7.176,4.104,-22.000","7.176,4.087,-22.000",0.0168,0.0000,0.0000,"Below","None","","V10_PROXY_HYBRID_Service_Return_Service_Return_05_Floor","","","",""
13,23,"7.176,4.087,-22.000","6.912,4.168,-22.000","6.912,4.151,-22.000",0.0168,0.0000,0.0000,"Below","None","","V10_PROXY_HYBRID_Service_Return_Service_Return_05_Floor","","","",""
13,24,"6.912,4.151,-22.000","6.647,4.233,-22.000","6.647,4.216,-22.000",0.0168,0.0000,0.0000,"Below","None","","V10_PROXY_HYBRID_Service_Return_Service_Return_05_Floor","","","",""
13,25,"6.647,4.216,-22.000","6.382,4.298,-22.000","6.382,4.281,-22.000",0.0168,0.0000,0.0000,"Below","None","","V10_PROXY_HYBRID_Service_Return_Service_Return_05_Floor","","","",""
13,26,"6.382,4.281,-22.000","6.118,4.362,-22.000","6.118,4.346,-22.000",0.0168,0.0000,0.0000,"Below","None","","V10_PROXY_HYBRID_Service_Return_Service_Return_05_Floor","","","",""
13,27,"6.118,4.346,-22.000","5.853,4.427,-22.000","5.853,4.410,-22.000",0.0168,0.0000,0.0000,"Below","None","","V10_PROXY_HYBRID_Service_Return_Service_Return_05_Floor","","","",""
13,28,"5.853,4.410,-22.000","5.588,4.492,-22.000","5.588,4.475,-22.000",0.0168,0.0000,0.0000,"Below","None","","V10_PROXY_HYBRID_Service_Return_Service_Return_05_Floor","","","",""
13,29,"5.588,4.475,-22.000","5.324,4.556,-22.000","5.324,4.540,-22.000",0.0168,0.0000,0.0000,"Below","None","","V10_PROXY_HYBRID_Service_Return_Service_Return_05_Floor","","","",""
13,30,"5.324,4.540,-22.000","5.059,4.621,-22.000","5.059,4.604,-22.000",0.0168,0.0000,0.0000,"Below","None","","V10_PROXY_HYBRID_Service_Return_Service_Return_05_Floor","","","",""
13,31,"5.059,4.604,-22.000","4.794,4.686,-22.000","4.794,4.669,-22.000",0.0168,0.0000,0.0000,"Below","None","","V10_PROXY_HYBRID_Service_Return_Service_Return_05_Floor","","","",""
13,32,"4.794,4.669,-22.000","4.529,4.751,-22.000","4.529,4.734,-22.000",0.0168,0.0000,0.0000,"Below","None","","V10_PROXY_HYBRID_Service_Return_Service_Return_05_Floor","","","",""
13,33,"4.529,4.734,-22.000","4.265,4.815,-22.000","4.265,4.799,-22.000",0.0168,0.0000,0.0000,"Below","None","","V10_PROXY_HYBRID_Service_Return_Service_Return_05_Floor","","","",""
13,34,"4.265,4.799,-22.000","4.000,4.880,-22.000","4.000,4.850,-22.000",0.0300,0.0000,0.0000,"Below","None","","V10_PROXY_HYBRID_Service_Return_Service_Return_05_Floor","","","",""
14,1,"4.000,4.850,-22.000","3.750,4.880,-21.892","3.750,4.850,-21.892",0.0300,0.0000,0.0000,"None","None","","","","","",""
14,2,"3.750,4.850,-21.892","3.500,4.880,-21.785","3.500,4.850,-21.785",0.0300,0.0000,0.0000,"None","None","","","","","",""
14,3,"3.500,4.850,-21.785","3.250,4.880,-21.677","3.250,4.850,-21.677",0.0300,0.0000,0.0000,"None","None","","","","","",""
14,4,"3.250,4.850,-21.677","3.000,4.880,-21.569","3.000,4.850,-21.569",0.0300,0.0000,0.0000,"None","None","","","","","",""
14,5,"3.000,4.850,-21.569","2.750,4.880,-21.462","2.750,4.850,-21.462",0.0300,0.0000,0.0000,"None","None","","","","","",""
14,6,"2.750,4.850,-21.462","2.500,4.880,-21.354","2.500,4.850,-21.354",0.0300,0.0000,0.0000,"None","None","","","","","",""
14,7,"2.500,4.850,-21.354","2.250,4.880,-21.246","2.250,4.850,-21.246",0.0300,0.0000,0.0000,"None","None","","","","","",""
14,8,"2.250,4.850,-21.246","2.000,4.880,-21.138","2.000,4.850,-21.138",0.0300,0.0000,0.0000,"None","None","","","","","",""
14,9,"2.000,4.850,-21.138","1.750,4.880,-21.031","1.750,4.850,-21.031",0.0300,0.0000,0.0000,"None","None","","","","","",""
14,10,"1.750,4.850,-21.031","1.500,4.880,-20.923","1.500,4.850,-20.923",0.0300,0.0000,0.0000,"None","None","","","","","",""
14,11,"1.500,4.850,-20.923","1.250,4.880,-20.815","1.250,4.850,-20.815",0.0300,0.0000,0.0000,"None","None","","","","","",""
14,12,"1.250,4.850,-20.815","1.000,4.880,-20.708","1.000,4.850,-20.708",0.0300,0.0000,0.0000,"None","None","","","","","",""
14,13,"1.000,4.850,-20.708","0.750,4.880,-20.600","0.750,4.850,-20.600",0.0300,0.0000,0.0000,"None","None","","","","","",""
14,14,"0.750,4.850,-20.600","0.500,4.880,-20.492","0.500,4.850,-20.492",0.0300,0.0000,0.0000,"None","None","","","","","",""
14,15,"0.500,4.850,-20.492","0.250,4.880,-20.385","0.250,4.850,-20.385",0.0300,0.0000,0.0000,"None","None","","","","","",""
14,16,"0.250,4.850,-20.385","0.000,4.880,-20.277","0.000,4.850,-20.277",0.0300,0.0000,0.0000,"None","None","","","","","",""
14,17,"0.000,4.850,-20.277","-0.250,4.880,-20.169","-0.250,4.896,-20.169",0.0160,0.0160,0.0000,"Below","Below","","V10_PROXY_Branch_To_Gallery_Foot_Plug_Bypass_A_Floor","","","V10_PROXY_Branch_To_Gallery_Foot_Plug_Bypass_A_Floor",""
14,18,"-0.250,4.896,-20.169","-0.500,4.880,-20.062","-0.500,4.896,-20.062",0.0160,0.0160,0.0000,"None","Below","","","","","V10_PROXY_Branch_To_Gallery_Foot_Plug_Bypass_A_Floor",""
14,19,"-0.500,4.896,-20.062","-0.750,4.880,-19.954","-0.750,4.890,-19.954",0.0103,0.0160,0.0057,"None","Below","","","","","V10_PROXY_Branch_To_Gallery_Foot_Plug_Bypass_A_Floor",""
14,20,"-0.750,4.890,-19.954","-1.000,4.880,-19.846","-1.000,4.885,-19.846",0.0045,0.0103,0.0057,"None","Below","","","","","V10_PROXY_Branch_To_Gallery_Foot_Plug_Bypass_A_Floor",""
14,21,"-1.000,4.885,-19.846","-1.250,4.880,-19.738","-1.250,4.923,-19.738",0.0433,0.0433,0.0000,"Below","Below","","V10_PROXY_Entrance_To_Branch_Descending_Upper_Floor","","","V10_PROXY_Entrance_To_Branch_Descending_Upper_Floor",""
14,22,"-1.250,4.923,-19.738","-1.500,4.880,-19.631","-1.500,4.900,-19.631",0.0204,0.0433,0.0230,"None","Below","","","","","V10_PROXY_Entrance_To_Branch_Descending_Upper_Floor",""
14,23,"-1.500,4.900,-19.631","-1.750,4.880,-19.523","-1.750,4.880,-19.523",0.0000,0.0204,0.0204,"None","None","","","","","",""
14,24,"-1.750,4.880,-19.523","-2.000,4.880,-19.415","-2.000,4.880,-19.415",0.0000,0.0000,0.0000,"None","None","","","","","",""
14,25,"-2.000,4.880,-19.415","-2.250,4.880,-19.308","-2.250,4.880,-19.308",0.0000,0.0000,0.0000,"None","None","","","","","",""
14,26,"-2.250,4.880,-19.308","-2.500,4.880,-19.200","-2.500,4.880,-19.200",0.0000,0.0000,0.0000,"None","None","","","","","",""
15,1,"-2.500,4.880,-19.200","-2.563,4.955,-19.456","-2.563,4.941,-19.456",0.0137,0.0000,0.0000,"Below","None","","V10_PROXY_Entrance_To_Branch_Descending_Upper_Floor","","","",""
15,2,"-2.563,4.941,-19.456","-2.625,5.030,-19.713","-2.625,5.018,-19.713",0.0122,0.0000,0.0000,"Below","None","","V10_PROXY_Entrance_To_Branch_Descending_Upper_Floor","","","",""
15,3,"-2.625,5.018,-19.713","-2.688,5.105,-19.969","-2.688,5.093,-19.969",0.0122,0.0000,0.0000,"Below","None","","V10_PROXY_Entrance_To_Branch_Descending_Upper_Floor","","","",""
15,4,"-2.688,5.093,-19.969","-2.750,5.180,-20.225","-2.750,5.168,-20.225",0.0122,0.0000,0.0000,"Below","None","","V10_PROXY_Entrance_To_Branch_Descending_Upper_Floor","","","",""
15,5,"-2.750,5.168,-20.225","-2.813,5.255,-20.481","-2.813,5.243,-20.481",0.0122,0.0000,0.0000,"Below","None","","V10_PROXY_Entrance_To_Branch_Descending_Upper_Floor","","","",""
15,6,"-2.813,5.243,-20.481","-2.875,5.330,-20.738","-2.875,5.318,-20.738",0.0122,0.0000,0.0000,"Below","None","","V10_PROXY_Entrance_To_Branch_Descending_Upper_Floor","","","",""
15,7,"-2.875,5.318,-20.738","-2.938,5.405,-20.994","-2.938,5.393,-20.994",0.0122,0.0000,0.0000,"Below","None","","V10_PROXY_Entrance_To_Branch_Descending_Upper_Floor","","","",""
15,8,"-2.938,5.393,-20.994","-3.000,5.480,-21.250","-3.000,5.468,-21.250",0.0122,0.0000,0.0000,"Below","None","","V10_PROXY_Entrance_To_Branch_Descending_Upper_Floor","","","",""
15,9,"-3.000,5.468,-21.250","-3.063,5.555,-21.506","-3.063,5.543,-21.506",0.0122,0.0000,0.0000,"Below","None","","V10_PROXY_Entrance_To_Branch_Descending_Upper_Floor","","","",""
15,10,"-3.063,5.543,-21.506","-3.125,5.630,-21.763","-3.125,5.618,-21.763",0.0122,0.0000,0.0000,"Below","None","","V10_PROXY_Entrance_To_Branch_Descending_Upper_Floor","","","",""
15,11,"-3.125,5.618,-21.763","-3.188,5.705,-22.019","-3.188,5.693,-22.019",0.0122,0.0000,0.0000,"Below","None","","V10_PROXY_Entrance_To_Branch_Descending_Upper_Floor","","","",""
15,12,"-3.188,5.693,-22.019","-3.250,5.780,-22.275","-3.250,5.768,-22.275",0.0122,0.0000,0.0000,"Below","None","","V10_PROXY_Entrance_To_Branch_Descending_Upper_Floor","","","",""
15,13,"-3.250,5.768,-22.275","-3.313,5.855,-22.531","-3.313,5.843,-22.531",0.0122,0.0000,0.0000,"Below","None","","V10_PROXY_Entrance_To_Branch_Descending_Upper_Floor","","","",""
15,14,"-3.313,5.843,-22.531","-3.375,5.930,-22.788","-3.375,5.918,-22.788",0.0122,0.0000,0.0000,"Below","None","","V10_PROXY_Entrance_To_Branch_Descending_Upper_Floor","","","",""
15,15,"-3.375,5.918,-22.788","-3.438,6.005,-23.044","-3.438,5.993,-23.044",0.0122,0.0000,0.0000,"Below","None","","V10_PROXY_Entrance_To_Branch_Descending_Upper_Floor","","","",""
15,16,"-3.438,5.993,-23.044","-3.500,6.080,-23.300","-3.500,6.050,-23.300",0.0300,0.0000,0.0000,"Below","None","","V10_PROXY_Entrance_To_Branch_Descending_Upper_Floor","","","",""
